1,Normal
2,Normal
3,Normal
4,Normal
5,Normal
6,Normal
7,Normal
8,Normal
9,Normal
10,Normal
11,Normal
12,Normal
13,Normal
14,Normal
15,Normal
16,Normal
17,Normal
18,Condiciones Optimas
19,Normal
20,Normal
21,Normal
22,Normal
23,Lluvia
24,Lluvia
25,Lluvia
26,Lluvia
27,Lluvia
28,Lluvia
29,Lluvia
30,Normal
31,Normal
32,Normal
33,Normal
34,Normal
35,Normal
36,Normal
37,Normal
38,Normal
39,Normal
40,Normal
41,Normal
42,Normal
43,Normal
44,Normal
45,Normal
46,Normal
47,Normal
48,Normal
49,Normal
50,Normal
51,Normal
52,Normal
53,Normal
54,Normal
55,Normal
56,Normal
57,Normal
58,Normal
59,Normal
60,Normal
61,Normal
62,Normal
63,Normal
64,Normal
65,Normal
66,Normal
67,Normal
68,Lluvia
69,Lluvia
70,Lluvia
71,Lluvia
72,Lluvia
73,Lluvia
74,Lluvia
75,Lluvia máxima
76,Lluvia máxima
77,Lluvia máxima
78,Lluvia máxima
79,Lluvia
80,Lluvia
81,Lluvia
82,Lluvia
83,Lluvia
84,Lluvia máxima
85,Lluvia máxima
86,Lluvia
87,Lluvia
88,Lluvia
89,Lluvia
90,Sequía
91,Lluvia
92,Lluvia
93,Lluvia
94,Lluvia
95,Lluvia máxima
96,Lluvia máxima
97,Lluvia
98,Lluvia
99,Lluvia
100,Lluvia
101,Lluvia
102,Lluvia máxima
103,Lluvia máxima
104,Lluvia máxima
105,Lluvia máxima
106,Lluvia
107,Lluvia
108,Lluvia
109,Lluvia
110,Lluvia
111,Lluvia
112,Lluvia
113,Normal
114,Normal
115,Normal
116,Normal
117,Normal
118,Normal
119,Normal
120,Normal
121,Normal
122,Normal
123,Normal
124,Normal
125,Normal
126,Normal
127,Normal
128,Normal
129,Normal
130,Normal
131,Normal
132,Normal
133,Normal
134,Normal
135,Normal
136,Normal
137,Normal
138,Normal
139,Normal
140,Normal
141,Normal
142,Normal
143,Normal
144,Normal
145,Normal
146,Normal
147,Normal
148,Normal
149,Normal
150,Normal
151,Lluvia
152,Lluvia
153,Lluvia
154,Lluvia
155,Lluvia
156,Lluvia
157,Lluvia
158,Normal
159,Normal
160,Normal
161,Normal
162,Condiciones Optimas
163,Normal
164,Normal
165,Normal
166,Normal
167,Normal
168,Normal
169,Normal
170,Normal
171,Normal
172,Normal
173,Normal
174,Normal
175,Normal
176,Normal
177,Normal
178,Normal
179,Normal
180,Sequía
181,Normal
182,Normal
183,Normal
184,Normal
185,Normal
186,Normal
187,Normal
188,Normal
189,Normal
190,Normal
191,Normal
192,Normal
193,Normal
194,Normal
195,Normal
196,Normal
197,Normal
198,Condiciones Optimas
199,Normal
200,Normal
201,Normal
202,Normal
203,Lluvia
204,Lluvia
205,Lluvia
206,Lluvia
207,Lluvia
208,Lluvia
209,Lluvia
210,Normal
211,Normal
212,Normal
213,Normal
214,Normal
215,Normal
216,Normal
217,Normal
218,Normal
219,Normal
220,Normal
221,Normal
222,Normal
223,Normal
224,Normal
225,Normal
226,Normal
227,Normal
228,Normal
229,Normal
230,Normal
231,Normal
232,Normal
233,Normal
234,Normal
235,Normal
236,Normal
237,Normal
238,Normal
239,Normal
240,Normal
241,Normal
242,Normal
243,Normal
244,Normal
245,Normal
246,Normal
247,Normal
248,Lluvia
249,Lluvia
250,Lluvia
251,Lluvia
252,Lluvia
253,Lluvia
254,Lluvia
255,Lluvia máxima
256,Lluvia máxima
257,Lluvia máxima
258,Lluvia máxima
259,Lluvia
260,Lluvia
261,Lluvia
262,Lluvia
263,Lluvia
264,Lluvia máxima
265,Lluvia máxima
266,Lluvia
267,Lluvia
268,Lluvia
269,Lluvia
270,Sequía
271,Lluvia
272,Lluvia
273,Lluvia
274,Lluvia
275,Lluvia máxima
276,Lluvia máxima
277,Lluvia
278,Lluvia
279,Lluvia
280,Lluvia
281,Lluvia
282,Lluvia máxima
283,Lluvia máxima
284,Lluvia máxima
285,Lluvia máxima
286,Lluvia
287,Lluvia
288,Lluvia
289,Lluvia
290,Lluvia
291,Lluvia
292,Lluvia
293,Normal
294,Normal
295,Normal
296,Normal
297,Normal
298,Normal
299,Normal
300,Normal
301,Normal
302,Normal
303,Normal
304,Normal
305,Normal
306,Normal
307,Normal
308,Normal
309,Normal
310,Normal
311,Normal
312,Normal
313,Normal
314,Normal
315,Normal
316,Normal
317,Normal
318,Normal
319,Normal
320,Normal
321,Normal
322,Normal
323,Normal
324,Normal
325,Normal
326,Normal
327,Normal
328,Normal
329,Normal
330,Normal
331,Lluvia
332,Lluvia
333,Lluvia
334,Lluvia
335,Lluvia
336,Lluvia
337,Lluvia
338,Normal
339,Normal
340,Normal
341,Normal
342,Condiciones Optimas
343,Normal
344,Normal
345,Normal
346,Normal
347,Normal
348,Normal
349,Normal
350,Normal
351,Normal
352,Normal
353,Normal
354,Normal
355,Normal
356,Normal
357,Normal
358,Normal
359,Normal
360,Sequía
361,Normal
362,Normal
363,Normal
364,Normal
365,Normal
366,Normal
367,Normal
368,Normal
369,Normal
370,Normal
371,Normal
372,Normal
373,Normal
374,Normal
375,Normal
376,Normal
377,Normal
378,Condiciones Optimas
379,Normal
380,Normal
381,Normal
382,Normal
383,Lluvia
384,Lluvia
385,Lluvia
386,Lluvia
387,Lluvia
388,Lluvia
389,Lluvia
390,Normal
391,Normal
392,Normal
393,Normal
394,Normal
395,Normal
396,Normal
397,Normal
398,Normal
399,Normal
400,Normal
401,Normal
402,Normal
403,Normal
404,Normal
405,Normal
406,Normal
407,Normal
408,Normal
409,Normal
410,Normal
411,Normal
412,Normal
413,Normal
414,Normal
415,Normal
416,Normal
417,Normal
418,Normal
419,Normal
420,Normal
421,Normal
422,Normal
423,Normal
424,Normal
425,Normal
426,Normal
427,Normal
428,Lluvia
429,Lluvia
430,Lluvia
431,Lluvia
432,Lluvia
433,Lluvia
434,Lluvia
435,Lluvia máxima
436,Lluvia máxima
437,Lluvia máxima
438,Lluvia máxima
439,Lluvia
440,Lluvia
441,Lluvia
442,Lluvia
443,Lluvia
444,Lluvia máxima
445,Lluvia máxima
446,Lluvia
447,Lluvia
448,Lluvia
449,Lluvia
450,Sequía
451,Lluvia
452,Lluvia
453,Lluvia
454,Lluvia
455,Lluvia máxima
456,Lluvia máxima
457,Lluvia
458,Lluvia
459,Lluvia
460,Lluvia
461,Lluvia
462,Lluvia máxima
463,Lluvia máxima
464,Lluvia máxima
465,Lluvia máxima
466,Lluvia
467,Lluvia
468,Lluvia
469,Lluvia
470,Lluvia
471,Lluvia
472,Lluvia
473,Normal
474,Normal
475,Normal
476,Normal
477,Normal
478,Normal
479,Normal
480,Normal
481,Normal
482,Normal
483,Normal
484,Normal
485,Normal
486,Normal
487,Normal
488,Normal
489,Normal
490,Normal
491,Normal
492,Normal
493,Normal
494,Normal
495,Normal
496,Normal
497,Normal
498,Normal
499,Normal
500,Normal
501,Normal
502,Normal
503,Normal
504,Normal
505,Normal
506,Normal
507,Normal
508,Normal
509,Normal
510,Normal
511,Lluvia
512,Lluvia
513,Lluvia
514,Lluvia
515,Lluvia
516,Lluvia
517,Lluvia
518,Normal
519,Normal
520,Normal
521,Normal
522,Condiciones Optimas
523,Normal
524,Normal
525,Normal
526,Normal
527,Normal
528,Normal
529,Normal
530,Normal
531,Normal
532,Normal
533,Normal
534,Normal
535,Normal
536,Normal
537,Normal
538,Normal
539,Normal
540,Sequía
541,Normal
542,Normal
543,Normal
544,Normal
545,Normal
546,Normal
547,Normal
548,Normal
549,Normal
550,Normal
551,Normal
552,Normal
553,Normal
554,Normal
555,Normal
556,Normal
557,Normal
558,Condiciones Optimas
559,Normal
560,Normal
561,Normal
562,Normal
563,Lluvia
564,Lluvia
565,Lluvia
566,Lluvia
567,Lluvia
568,Lluvia
569,Lluvia
570,Normal
571,Normal
572,Normal
573,Normal
574,Normal
575,Normal
576,Normal
577,Normal
578,Normal
579,Normal
580,Normal
581,Normal
582,Normal
583,Normal
584,Normal
585,Normal
586,Normal
587,Normal
588,Normal
589,Normal
590,Normal
591,Normal
592,Normal
593,Normal
594,Normal
595,Normal
596,Normal
597,Normal
598,Normal
599,Normal
600,Normal
601,Normal
602,Normal
603,Normal
604,Normal
605,Normal
606,Normal
607,Normal
608,Lluvia
609,Lluvia
610,Lluvia
611,Lluvia
612,Lluvia
613,Lluvia
614,Lluvia
615,Lluvia máxima
616,Lluvia máxima
617,Lluvia máxima
618,Lluvia máxima
619,Lluvia
620,Lluvia
621,Lluvia
622,Lluvia
623,Lluvia
624,Lluvia máxima
625,Lluvia máxima
626,Lluvia
627,Lluvia
628,Lluvia
629,Lluvia
630,Sequía
631,Lluvia
632,Lluvia
633,Lluvia
634,Lluvia
635,Lluvia máxima
636,Lluvia máxima
637,Lluvia
638,Lluvia
639,Lluvia
640,Lluvia
641,Lluvia
642,Lluvia máxima
643,Lluvia máxima
644,Lluvia máxima
645,Lluvia máxima
646,Lluvia
647,Lluvia
648,Lluvia
649,Lluvia
650,Lluvia
651,Lluvia
652,Lluvia
653,Normal
654,Normal
655,Normal
656,Normal
657,Normal
658,Normal
659,Normal
660,Normal
661,Normal
662,Normal
663,Normal
664,Normal
665,Normal
666,Normal
667,Normal
668,Normal
669,Normal
670,Normal
671,Normal
672,Normal
673,Normal
674,Normal
675,Normal
676,Normal
677,Normal
678,Normal
679,Normal
680,Normal
681,Normal
682,Normal
683,Normal
684,Normal
685,Normal
686,Normal
687,Normal
688,Normal
689,Normal
690,Normal
691,Lluvia
692,Lluvia
693,Lluvia
694,Lluvia
695,Lluvia
696,Lluvia
697,Lluvia
698,Normal
699,Normal
700,Normal
701,Normal
702,Condiciones Optimas
703,Normal
704,Normal
705,Normal
706,Normal
707,Normal
708,Normal
709,Normal
710,Normal
711,Normal
712,Normal
713,Normal
714,Normal
715,Normal
716,Normal
717,Normal
718,Normal
719,Normal
720,Sequía
721,Normal
722,Normal
723,Normal
724,Normal
725,Normal
726,Normal
727,Normal
728,Normal
729,Normal
730,Normal
731,Normal
732,Normal
733,Normal
734,Normal
735,Normal
736,Normal
737,Normal
738,Condiciones Optimas
739,Normal
740,Normal
741,Normal
742,Normal
743,Lluvia
744,Lluvia
745,Lluvia
746,Lluvia
747,Lluvia
748,Lluvia
749,Lluvia
750,Normal
751,Normal
752,Normal
753,Normal
754,Normal
755,Normal
756,Normal
757,Normal
758,Normal
759,Normal
760,Normal
761,Normal
762,Normal
763,Normal
764,Normal
765,Normal
766,Normal
767,Normal
768,Normal
769,Normal
770,Normal
771,Normal
772,Normal
773,Normal
774,Normal
775,Normal
776,Normal
777,Normal
778,Normal
779,Normal
780,Normal
781,Normal
782,Normal
783,Normal
784,Normal
785,Normal
786,Normal
787,Normal
788,Lluvia
789,Lluvia
790,Lluvia
791,Lluvia
792,Lluvia
793,Lluvia
794,Lluvia
795,Lluvia máxima
796,Lluvia máxima
797,Lluvia máxima
798,Lluvia máxima
799,Lluvia
800,Lluvia
801,Lluvia
802,Lluvia
803,Lluvia
804,Lluvia máxima
805,Lluvia máxima
806,Lluvia
807,Lluvia
808,Lluvia
809,Lluvia
810,Sequía
811,Lluvia
812,Lluvia
813,Lluvia
814,Lluvia
815,Lluvia máxima
816,Lluvia máxima
817,Lluvia
818,Lluvia
819,Lluvia
820,Lluvia
821,Lluvia
822,Lluvia máxima
823,Lluvia máxima
824,Lluvia máxima
825,Lluvia máxima
826,Lluvia
827,Lluvia
828,Lluvia
829,Lluvia
830,Lluvia
831,Lluvia
832,Lluvia
833,Normal
834,Normal
835,Normal
836,Normal
837,Normal
838,Normal
839,Normal
840,Normal
841,Normal
842,Normal
843,Normal
844,Normal
845,Normal
846,Normal
847,Normal
848,Normal
849,Normal
850,Normal
851,Normal
852,Normal
853,Normal
854,Normal
855,Normal
856,Normal
857,Normal
858,Normal
859,Normal
860,Normal
861,Normal
862,Normal
863,Normal
864,Normal
865,Normal
866,Normal
867,Normal
868,Normal
869,Normal
870,Normal
871,Lluvia
872,Lluvia
873,Lluvia
874,Lluvia
875,Lluvia
876,Lluvia
877,Lluvia
878,Normal
879,Normal
880,Normal
881,Normal
882,Condiciones Optimas
883,Normal
884,Normal
885,Normal
886,Normal
887,Normal
888,Normal
889,Normal
890,Normal
891,Normal
892,Normal
893,Normal
894,Normal
895,Normal
896,Normal
897,Normal
898,Normal
899,Normal
900,Sequía
901,Normal
902,Normal
903,Normal
904,Normal
905,Normal
906,Normal
907,Normal
908,Normal
909,Normal
910,Normal
911,Normal
912,Normal
913,Normal
914,Normal
915,Normal
916,Normal
917,Normal
918,Condiciones Optimas
919,Normal
920,Normal
921,Normal
922,Normal
923,Lluvia
924,Lluvia
925,Lluvia
926,Lluvia
927,Lluvia
928,Lluvia
929,Lluvia
930,Normal
931,Normal
932,Normal
933,Normal
934,Normal
935,Normal
936,Normal
937,Normal
938,Normal
939,Normal
940,Normal
941,Normal
942,Normal
943,Normal
944,Normal
945,Normal
946,Normal
947,Normal
948,Normal
949,Normal
950,Normal
951,Normal
952,Normal
953,Normal
954,Normal
955,Normal
956,Normal
957,Normal
958,Normal
959,Normal
960,Normal
961,Normal
962,Normal
963,Normal
964,Normal
965,Normal
966,Normal
967,Normal
968,Lluvia
969,Lluvia
970,Lluvia
971,Lluvia
972,Lluvia
973,Lluvia
974,Lluvia
975,Lluvia máxima
976,Lluvia máxima
977,Lluvia máxima
978,Lluvia máxima
979,Lluvia
980,Lluvia
981,Lluvia
982,Lluvia
983,Lluvia
984,Lluvia máxima
985,Lluvia máxima
986,Lluvia
987,Lluvia
988,Lluvia
989,Lluvia
990,Sequía
991,Lluvia
992,Lluvia
993,Lluvia
994,Lluvia
995,Lluvia máxima
996,Lluvia máxima
997,Lluvia
998,Lluvia
999,Lluvia
1000,Lluvia
1001,Lluvia
1002,Lluvia máxima
1003,Lluvia máxima
1004,Lluvia máxima
1005,Lluvia máxima
1006,Lluvia
1007,Lluvia
1008,Lluvia
1009,Lluvia
1010,Lluvia
1011,Lluvia
1012,Lluvia
1013,Normal
1014,Normal
1015,Normal
1016,Normal
1017,Normal
1018,Normal
1019,Normal
1020,Normal
1021,Normal
1022,Normal
1023,Normal
1024,Normal
1025,Normal
1026,Normal
1027,Normal
1028,Normal
1029,Normal
1030,Normal
1031,Normal
1032,Normal
1033,Normal
1034,Normal
1035,Normal
1036,Normal
1037,Normal
1038,Normal
1039,Normal
1040,Normal
1041,Normal
1042,Normal
1043,Normal
1044,Normal
1045,Normal
1046,Normal
1047,Normal
1048,Normal
1049,Normal
1050,Normal
1051,Lluvia
1052,Lluvia
1053,Lluvia
1054,Lluvia
1055,Lluvia
1056,Lluvia
1057,Lluvia
1058,Normal
1059,Normal
1060,Normal
1061,Normal
1062,Condiciones Optimas
1063,Normal
1064,Normal
1065,Normal
1066,Normal
1067,Normal
1068,Normal
1069,Normal
1070,Normal
1071,Normal
1072,Normal
1073,Normal
1074,Normal
1075,Normal
1076,Normal
1077,Normal
1078,Normal
1079,Normal
1080,Sequía
1081,Normal
1082,Normal
1083,Normal
1084,Normal
1085,Normal
1086,Normal
1087,Normal
1088,Normal
1089,Normal
1090,Normal
1091,Normal
1092,Normal
1093,Normal
1094,Normal
1095,Normal
1096,Normal
1097,Normal
1098,Condiciones Optimas
1099,Normal
1100,Normal
1101,Normal
1102,Normal
1103,Lluvia
1104,Lluvia
1105,Lluvia
1106,Lluvia
1107,Lluvia
1108,Lluvia
1109,Lluvia
1110,Normal
1111,Normal
1112,Normal
1113,Normal
1114,Normal
1115,Normal
1116,Normal
1117,Normal
1118,Normal
1119,Normal
1120,Normal
1121,Normal
1122,Normal
1123,Normal
1124,Normal
1125,Normal
1126,Normal
1127,Normal
1128,Normal
1129,Normal
1130,Normal
1131,Normal
1132,Normal
1133,Normal
1134,Normal
1135,Normal
1136,Normal
1137,Normal
1138,Normal
1139,Normal
1140,Normal
1141,Normal
1142,Normal
1143,Normal
1144,Normal
1145,Normal
1146,Normal
1147,Normal
1148,Lluvia
1149,Lluvia
1150,Lluvia
1151,Lluvia
1152,Lluvia
1153,Lluvia
1154,Lluvia
1155,Lluvia máxima
1156,Lluvia máxima
1157,Lluvia máxima
1158,Lluvia máxima
1159,Lluvia
1160,Lluvia
1161,Lluvia
1162,Lluvia
1163,Lluvia
1164,Lluvia máxima
1165,Lluvia máxima
1166,Lluvia
1167,Lluvia
1168,Lluvia
1169,Lluvia
1170,Sequía
1171,Lluvia
1172,Lluvia
1173,Lluvia
1174,Lluvia
1175,Lluvia máxima
1176,Lluvia máxima
1177,Lluvia
1178,Lluvia
1179,Lluvia
1180,Lluvia
1181,Lluvia
1182,Lluvia máxima
1183,Lluvia máxima
1184,Lluvia máxima
1185,Lluvia máxima
1186,Lluvia
1187,Lluvia
1188,Lluvia
1189,Lluvia
1190,Lluvia
1191,Lluvia
1192,Lluvia
1193,Normal
1194,Normal
1195,Normal
1196,Normal
1197,Normal
1198,Normal
1199,Normal
1200,Normal
1201,Normal
1202,Normal
1203,Normal
1204,Normal
1205,Normal
1206,Normal
1207,Normal
1208,Normal
1209,Normal
1210,Normal
1211,Normal
1212,Normal
1213,Normal
1214,Normal
1215,Normal
1216,Normal
1217,Normal
1218,Normal
1219,Normal
1220,Normal
1221,Normal
1222,Normal
1223,Normal
1224,Normal
1225,Normal
1226,Normal
1227,Normal
1228,Normal
1229,Normal
1230,Normal
1231,Lluvia
1232,Lluvia
1233,Lluvia
1234,Lluvia
1235,Lluvia
1236,Lluvia
1237,Lluvia
1238,Normal
1239,Normal
1240,Normal
1241,Normal
1242,Condiciones Optimas
1243,Normal
1244,Normal
1245,Normal
1246,Normal
1247,Normal
1248,Normal
1249,Normal
1250,Normal
1251,Normal
1252,Normal
1253,Normal
1254,Normal
1255,Normal
1256,Normal
1257,Normal
1258,Normal
1259,Normal
1260,Sequía
1261,Normal
1262,Normal
1263,Normal
1264,Normal
1265,Normal
1266,Normal
1267,Normal
1268,Normal
1269,Normal
1270,Normal
1271,Normal
1272,Normal
1273,Normal
1274,Normal
1275,Normal
1276,Normal
1277,Normal
1278,Condiciones Optimas
1279,Normal
1280,Normal
1281,Normal
1282,Normal
1283,Lluvia
1284,Lluvia
1285,Lluvia
1286,Lluvia
1287,Lluvia
1288,Lluvia
1289,Lluvia
1290,Normal
1291,Normal
1292,Normal
1293,Normal
1294,Normal
1295,Normal
1296,Normal
1297,Normal
1298,Normal
1299,Normal
1300,Normal
1301,Normal
1302,Normal
1303,Normal
1304,Normal
1305,Normal
1306,Normal
1307,Normal
1308,Normal
1309,Normal
1310,Normal
1311,Normal
1312,Normal
1313,Normal
1314,Normal
1315,Normal
1316,Normal
1317,Normal
1318,Normal
1319,Normal
1320,Normal
1321,Normal
1322,Normal
1323,Normal
1324,Normal
1325,Normal
1326,Normal
1327,Normal
1328,Lluvia
1329,Lluvia
1330,Lluvia
1331,Lluvia
1332,Lluvia
1333,Lluvia
1334,Lluvia
1335,Lluvia máxima
1336,Lluvia máxima
1337,Lluvia máxima
1338,Lluvia máxima
1339,Lluvia
1340,Lluvia
1341,Lluvia
1342,Lluvia
1343,Lluvia
1344,Lluvia máxima
1345,Lluvia máxima
1346,Lluvia
1347,Lluvia
1348,Lluvia
1349,Lluvia
1350,Sequía
1351,Lluvia
1352,Lluvia
1353,Lluvia
1354,Lluvia
1355,Lluvia máxima
1356,Lluvia máxima
1357,Lluvia
1358,Lluvia
1359,Lluvia
1360,Lluvia
1361,Lluvia
1362,Lluvia máxima
1363,Lluvia máxima
1364,Lluvia máxima
1365,Lluvia máxima
1366,Lluvia
1367,Lluvia
1368,Lluvia
1369,Lluvia
1370,Lluvia
1371,Lluvia
1372,Lluvia
1373,Normal
1374,Normal
1375,Normal
1376,Normal
1377,Normal
1378,Normal
1379,Normal
1380,Normal
1381,Normal
1382,Normal
1383,Normal
1384,Normal
1385,Normal
1386,Normal
1387,Normal
1388,Normal
1389,Normal
1390,Normal
1391,Normal
1392,Normal
1393,Normal
1394,Normal
1395,Normal
1396,Normal
1397,Normal
1398,Normal
1399,Normal
1400,Normal
1401,Normal
1402,Normal
1403,Normal
1404,Normal
1405,Normal
1406,Normal
1407,Normal
1408,Normal
1409,Normal
1410,Normal
1411,Lluvia
1412,Lluvia
1413,Lluvia
1414,Lluvia
1415,Lluvia
1416,Lluvia
1417,Lluvia
1418,Normal
1419,Normal
1420,Normal
1421,Normal
1422,Condiciones Optimas
1423,Normal
1424,Normal
1425,Normal
1426,Normal
1427,Normal
1428,Normal
1429,Normal
1430,Normal
1431,Normal
1432,Normal
1433,Normal
1434,Normal
1435,Normal
1436,Normal
1437,Normal
1438,Normal
1439,Normal
1440,Sequía
1441,Normal
1442,Normal
1443,Normal
1444,Normal
1445,Normal
1446,Normal
1447,Normal
1448,Normal
1449,Normal
1450,Normal
1451,Normal
1452,Normal
1453,Normal
1454,Normal
1455,Normal
1456,Normal
1457,Normal
1458,Condiciones Optimas
1459,Normal
1460,Normal
1461,Normal
1462,Normal
1463,Lluvia
1464,Lluvia
1465,Lluvia
1466,Lluvia
1467,Lluvia
1468,Lluvia
1469,Lluvia
1470,Normal
1471,Normal
1472,Normal
1473,Normal
1474,Normal
1475,Normal
1476,Normal
1477,Normal
1478,Normal
1479,Normal
1480,Normal
1481,Normal
1482,Normal
1483,Normal
1484,Normal
1485,Normal
1486,Normal
1487,Normal
1488,Normal
1489,Normal
1490,Normal
1491,Normal
1492,Normal
1493,Normal
1494,Normal
1495,Normal
1496,Normal
1497,Normal
1498,Normal
1499,Normal
1500,Normal
1501,Normal
1502,Normal
1503,Normal
1504,Normal
1505,Normal
1506,Normal
1507,Normal
1508,Lluvia
1509,Lluvia
1510,Lluvia
1511,Lluvia
1512,Lluvia
1513,Lluvia
1514,Lluvia
1515,Lluvia máxima
1516,Lluvia máxima
1517,Lluvia máxima
1518,Lluvia máxima
1519,Lluvia
1520,Lluvia
1521,Lluvia
1522,Lluvia
1523,Lluvia
1524,Lluvia máxima
1525,Lluvia máxima
1526,Lluvia
1527,Lluvia
1528,Lluvia
1529,Lluvia
1530,Sequía
1531,Lluvia
1532,Lluvia
1533,Lluvia
1534,Lluvia
1535,Lluvia máxima
1536,Lluvia máxima
1537,Lluvia
1538,Lluvia
1539,Lluvia
1540,Lluvia
1541,Lluvia
1542,Lluvia máxima
1543,Lluvia máxima
1544,Lluvia máxima
1545,Lluvia máxima
1546,Lluvia
1547,Lluvia
1548,Lluvia
1549,Lluvia
1550,Lluvia
1551,Lluvia
1552,Lluvia
1553,Normal
1554,Normal
1555,Normal
1556,Normal
1557,Normal
1558,Normal
1559,Normal
1560,Normal
1561,Normal
1562,Normal
1563,Normal
1564,Normal
1565,Normal
1566,Normal
1567,Normal
1568,Normal
1569,Normal
1570,Normal
1571,Normal
1572,Normal
1573,Normal
1574,Normal
1575,Normal
1576,Normal
1577,Normal
1578,Normal
1579,Normal
1580,Normal
1581,Normal
1582,Normal
1583,Normal
1584,Normal
1585,Normal
1586,Normal
1587,Normal
1588,Normal
1589,Normal
1590,Normal
1591,Lluvia
1592,Lluvia
1593,Lluvia
1594,Lluvia
1595,Lluvia
1596,Lluvia
1597,Lluvia
1598,Normal
1599,Normal
1600,Normal
1601,Normal
1602,Condiciones Optimas
1603,Normal
1604,Normal
1605,Normal
1606,Normal
1607,Normal
1608,Normal
1609,Normal
1610,Normal
1611,Normal
1612,Normal
1613,Normal
1614,Normal
1615,Normal
1616,Normal
1617,Normal
1618,Normal
1619,Normal
1620,Sequía
1621,Normal
1622,Normal
1623,Normal
1624,Normal
1625,Normal
1626,Normal
1627,Normal
1628,Normal
1629,Normal
1630,Normal
1631,Normal
1632,Normal
1633,Normal
1634,Normal
1635,Normal
1636,Normal
1637,Normal
1638,Condiciones Optimas
1639,Normal
1640,Normal
1641,Normal
1642,Normal
1643,Lluvia
1644,Lluvia
1645,Lluvia
1646,Lluvia
1647,Lluvia
1648,Lluvia
1649,Lluvia
1650,Normal
1651,Normal
1652,Normal
1653,Normal
1654,Normal
1655,Normal
1656,Normal
1657,Normal
1658,Normal
1659,Normal
1660,Normal
1661,Normal
1662,Normal
1663,Normal
1664,Normal
1665,Normal
1666,Normal
1667,Normal
1668,Normal
1669,Normal
1670,Normal
1671,Normal
1672,Normal
1673,Normal
1674,Normal
1675,Normal
1676,Normal
1677,Normal
1678,Normal
1679,Normal
1680,Normal
1681,Normal
1682,Normal
1683,Normal
1684,Normal
1685,Normal
1686,Normal
1687,Normal
1688,Lluvia
1689,Lluvia
1690,Lluvia
1691,Lluvia
1692,Lluvia
1693,Lluvia
1694,Lluvia
1695,Lluvia máxima
1696,Lluvia máxima
1697,Lluvia máxima
1698,Lluvia máxima
1699,Lluvia
1700,Lluvia
1701,Lluvia
1702,Lluvia
1703,Lluvia
1704,Lluvia máxima
1705,Lluvia máxima
1706,Lluvia
1707,Lluvia
1708,Lluvia
1709,Lluvia
1710,Sequía
1711,Lluvia
1712,Lluvia
1713,Lluvia
1714,Lluvia
1715,Lluvia máxima
1716,Lluvia máxima
1717,Lluvia
1718,Lluvia
1719,Lluvia
1720,Lluvia
1721,Lluvia
1722,Lluvia máxima
1723,Lluvia máxima
1724,Lluvia máxima
1725,Lluvia máxima
1726,Lluvia
1727,Lluvia
1728,Lluvia
1729,Lluvia
1730,Lluvia
1731,Lluvia
1732,Lluvia
1733,Normal
1734,Normal
1735,Normal
1736,Normal
1737,Normal
1738,Normal
1739,Normal
1740,Normal
1741,Normal
1742,Normal
1743,Normal
1744,Normal
1745,Normal
1746,Normal
1747,Normal
1748,Normal
1749,Normal
1750,Normal
1751,Normal
1752,Normal
1753,Normal
1754,Normal
1755,Normal
1756,Normal
1757,Normal
1758,Normal
1759,Normal
1760,Normal
1761,Normal
1762,Normal
1763,Normal
1764,Normal
1765,Normal
1766,Normal
1767,Normal
1768,Normal
1769,Normal
1770,Normal
1771,Lluvia
1772,Lluvia
1773,Lluvia
1774,Lluvia
1775,Lluvia
1776,Lluvia
1777,Lluvia
1778,Normal
1779,Normal
1780,Normal
1781,Normal
1782,Condiciones Optimas
1783,Normal
1784,Normal
1785,Normal
1786,Normal
1787,Normal
1788,Normal
1789,Normal
1790,Normal
1791,Normal
1792,Normal
1793,Normal
1794,Normal
1795,Normal
1796,Normal
1797,Normal
1798,Normal
1799,Normal
1800,Sequía
1801,Normal
1802,Normal
1803,Normal
1804,Normal
1805,Normal
1806,Normal
1807,Normal
1808,Normal
1809,Normal
1810,Normal
1811,Normal
1812,Normal
1813,Normal
1814,Normal
1815,Normal
1816,Normal
1817,Normal
1818,Condiciones Optimas
1819,Normal
1820,Normal
1821,Normal
1822,Normal
1823,Lluvia
1824,Lluvia
1825,Lluvia
1826,Lluvia
1827,Lluvia
1828,Lluvia
1829,Lluvia
1830,Normal
1831,Normal
1832,Normal
1833,Normal
1834,Normal
1835,Normal
1836,Normal
1837,Normal
1838,Normal
1839,Normal
1840,Normal
1841,Normal
1842,Normal
1843,Normal
1844,Normal
1845,Normal
1846,Normal
1847,Normal
1848,Normal
1849,Normal
1850,Normal
1851,Normal
1852,Normal
1853,Normal
1854,Normal
1855,Normal
1856,Normal
1857,Normal
1858,Normal
1859,Normal
1860,Normal
1861,Normal
1862,Normal
1863,Normal
1864,Normal
1865,Normal
1866,Normal
1867,Normal
1868,Lluvia
1869,Lluvia
1870,Lluvia
1871,Lluvia
1872,Lluvia
1873,Lluvia
1874,Lluvia
1875,Lluvia máxima
1876,Lluvia máxima
1877,Lluvia máxima
1878,Lluvia máxima
1879,Lluvia
1880,Lluvia
1881,Lluvia
1882,Lluvia
1883,Lluvia
1884,Lluvia máxima
1885,Lluvia máxima
1886,Lluvia
1887,Lluvia
1888,Lluvia
1889,Lluvia
1890,Sequía
1891,Lluvia
1892,Lluvia
1893,Lluvia
1894,Lluvia
1895,Lluvia máxima
1896,Lluvia máxima
1897,Lluvia
1898,Lluvia
1899,Lluvia
1900,Lluvia
1901,Lluvia
1902,Lluvia máxima
1903,Lluvia máxima
1904,Lluvia máxima
1905,Lluvia máxima
1906,Lluvia
1907,Lluvia
1908,Lluvia
1909,Lluvia
1910,Lluvia
1911,Lluvia
1912,Lluvia
1913,Normal
1914,Normal
1915,Normal
1916,Normal
1917,Normal
1918,Normal
1919,Normal
1920,Normal
1921,Normal
1922,Normal
1923,Normal
1924,Normal
1925,Normal
1926,Normal
1927,Normal
1928,Normal
1929,Normal
1930,Normal
1931,Normal
1932,Normal
1933,Normal
1934,Normal
1935,Normal
1936,Normal
1937,Normal
1938,Normal
1939,Normal
1940,Normal
1941,Normal
1942,Normal
1943,Normal
1944,Normal
1945,Normal
1946,Normal
1947,Normal
1948,Normal
1949,Normal
1950,Normal
1951,Lluvia
1952,Lluvia
1953,Lluvia
1954,Lluvia
1955,Lluvia
1956,Lluvia
1957,Lluvia
1958,Normal
1959,Normal
1960,Normal
1961,Normal
1962,Condiciones Optimas
1963,Normal
1964,Normal
1965,Normal
1966,Normal
1967,Normal
1968,Normal
1969,Normal
1970,Normal
1971,Normal
1972,Normal
1973,Normal
1974,Normal
1975,Normal
1976,Normal
1977,Normal
1978,Normal
1979,Normal
1980,Sequía
1981,Normal
1982,Normal
1983,Normal
1984,Normal
1985,Normal
1986,Normal
1987,Normal
1988,Normal
1989,Normal
1990,Normal
1991,Normal
1992,Normal
1993,Normal
1994,Normal
1995,Normal
1996,Normal
1997,Normal
1998,Condiciones Optimas
1999,Normal
2000,Normal
2001,Normal
2002,Normal
2003,Lluvia
2004,Lluvia
2005,Lluvia
2006,Lluvia
2007,Lluvia
2008,Lluvia
2009,Lluvia
2010,Normal
2011,Normal
2012,Normal
2013,Normal
2014,Normal
2015,Normal
2016,Normal
2017,Normal
2018,Normal
2019,Normal
2020,Normal
2021,Normal
2022,Normal
2023,Normal
2024,Normal
2025,Normal
2026,Normal
2027,Normal
2028,Normal
2029,Normal
2030,Normal
2031,Normal
2032,Normal
2033,Normal
2034,Normal
2035,Normal
2036,Normal
2037,Normal
2038,Normal
2039,Normal
2040,Normal
2041,Normal
2042,Normal
2043,Normal
2044,Normal
2045,Normal
2046,Normal
2047,Normal
2048,Lluvia
2049,Lluvia
2050,Lluvia
2051,Lluvia
2052,Lluvia
2053,Lluvia
2054,Lluvia
2055,Lluvia máxima
2056,Lluvia máxima
2057,Lluvia máxima
2058,Lluvia máxima
2059,Lluvia
2060,Lluvia
2061,Lluvia
2062,Lluvia
2063,Lluvia
2064,Lluvia máxima
2065,Lluvia máxima
2066,Lluvia
2067,Lluvia
2068,Lluvia
2069,Lluvia
2070,Sequía
2071,Lluvia
2072,Lluvia
2073,Lluvia
2074,Lluvia
2075,Lluvia máxima
2076,Lluvia máxima
2077,Lluvia
2078,Lluvia
2079,Lluvia
2080,Lluvia
2081,Lluvia
2082,Lluvia máxima
2083,Lluvia máxima
2084,Lluvia máxima
2085,Lluvia máxima
2086,Lluvia
2087,Lluvia
2088,Lluvia
2089,Lluvia
2090,Lluvia
2091,Lluvia
2092,Lluvia
2093,Normal
2094,Normal
2095,Normal
2096,Normal
2097,Normal
2098,Normal
2099,Normal
2100,Normal
2101,Normal
2102,Normal
2103,Normal
2104,Normal
2105,Normal
2106,Normal
2107,Normal
2108,Normal
2109,Normal
2110,Normal
2111,Normal
2112,Normal
2113,Normal
2114,Normal
2115,Normal
2116,Normal
2117,Normal
2118,Normal
2119,Normal
2120,Normal
2121,Normal
2122,Normal
2123,Normal
2124,Normal
2125,Normal
2126,Normal
2127,Normal
2128,Normal
2129,Normal
2130,Normal
2131,Lluvia
2132,Lluvia
2133,Lluvia
2134,Lluvia
2135,Lluvia
2136,Lluvia
2137,Lluvia
2138,Normal
2139,Normal
2140,Normal
2141,Normal
2142,Condiciones Optimas
2143,Normal
2144,Normal
2145,Normal
2146,Normal
2147,Normal
2148,Normal
2149,Normal
2150,Normal
2151,Normal
2152,Normal
2153,Normal
2154,Normal
2155,Normal
2156,Normal
2157,Normal
2158,Normal
2159,Normal
2160,Sequía
2161,Normal
2162,Normal
2163,Normal
2164,Normal
2165,Normal
2166,Normal
2167,Normal
2168,Normal
2169,Normal
2170,Normal
2171,Normal
2172,Normal
2173,Normal
2174,Normal
2175,Normal
2176,Normal
2177,Normal
2178,Condiciones Optimas
2179,Normal
2180,Normal
2181,Normal
2182,Normal
2183,Lluvia
2184,Lluvia
2185,Lluvia
2186,Lluvia
2187,Lluvia
2188,Lluvia
2189,Lluvia
2190,Normal
2191,Normal
2192,Normal
2193,Normal
2194,Normal
2195,Normal
2196,Normal
2197,Normal
2198,Normal
2199,Normal
2200,Normal
2201,Normal
2202,Normal
2203,Normal
2204,Normal
2205,Normal
2206,Normal
2207,Normal
2208,Normal
2209,Normal
2210,Normal
2211,Normal
2212,Normal
2213,Normal
2214,Normal
2215,Normal
2216,Normal
2217,Normal
2218,Normal
2219,Normal
2220,Normal
2221,Normal
2222,Normal
2223,Normal
2224,Normal
2225,Normal
2226,Normal
2227,Normal
2228,Lluvia
2229,Lluvia
2230,Lluvia
2231,Lluvia
2232,Lluvia
2233,Lluvia
2234,Lluvia
2235,Lluvia máxima
2236,Lluvia máxima
2237,Lluvia máxima
2238,Lluvia máxima
2239,Lluvia
2240,Lluvia
2241,Lluvia
2242,Lluvia
2243,Lluvia
2244,Lluvia máxima
2245,Lluvia máxima
2246,Lluvia
2247,Lluvia
2248,Lluvia
2249,Lluvia
2250,Sequía
2251,Lluvia
2252,Lluvia
2253,Lluvia
2254,Lluvia
2255,Lluvia máxima
2256,Lluvia máxima
2257,Lluvia
2258,Lluvia
2259,Lluvia
2260,Lluvia
2261,Lluvia
2262,Lluvia máxima
2263,Lluvia máxima
2264,Lluvia máxima
2265,Lluvia máxima
2266,Lluvia
2267,Lluvia
2268,Lluvia
2269,Lluvia
2270,Lluvia
2271,Lluvia
2272,Lluvia
2273,Normal
2274,Normal
2275,Normal
2276,Normal
2277,Normal
2278,Normal
2279,Normal
2280,Normal
2281,Normal
2282,Normal
2283,Normal
2284,Normal
2285,Normal
2286,Normal
2287,Normal
2288,Normal
2289,Normal
2290,Normal
2291,Normal
2292,Normal
2293,Normal
2294,Normal
2295,Normal
2296,Normal
2297,Normal
2298,Normal
2299,Normal
2300,Normal
2301,Normal
2302,Normal
2303,Normal
2304,Normal
2305,Normal
2306,Normal
2307,Normal
2308,Normal
2309,Normal
2310,Normal
2311,Lluvia
2312,Lluvia
2313,Lluvia
2314,Lluvia
2315,Lluvia
2316,Lluvia
2317,Lluvia
2318,Normal
2319,Normal
2320,Normal
2321,Normal
2322,Condiciones Optimas
2323,Normal
2324,Normal
2325,Normal
2326,Normal
2327,Normal
2328,Normal
2329,Normal
2330,Normal
2331,Normal
2332,Normal
2333,Normal
2334,Normal
2335,Normal
2336,Normal
2337,Normal
2338,Normal
2339,Normal
2340,Sequía
2341,Normal
2342,Normal
2343,Normal
2344,Normal
2345,Normal
2346,Normal
2347,Normal
2348,Normal
2349,Normal
2350,Normal
2351,Normal
2352,Normal
2353,Normal
2354,Normal
2355,Normal
2356,Normal
2357,Normal
2358,Condiciones Optimas
2359,Normal
2360,Normal
2361,Normal
2362,Normal
2363,Lluvia
2364,Lluvia
2365,Lluvia
2366,Lluvia
2367,Lluvia
2368,Lluvia
2369,Lluvia
2370,Normal
2371,Normal
2372,Normal
2373,Normal
2374,Normal
2375,Normal
2376,Normal
2377,Normal
2378,Normal
2379,Normal
2380,Normal
2381,Normal
2382,Normal
2383,Normal
2384,Normal
2385,Normal
2386,Normal
2387,Normal
2388,Normal
2389,Normal
2390,Normal
2391,Normal
2392,Normal
2393,Normal
2394,Normal
2395,Normal
2396,Normal
2397,Normal
2398,Normal
2399,Normal
2400,Normal
2401,Normal
2402,Normal
2403,Normal
2404,Normal
2405,Normal
2406,Normal
2407,Normal
2408,Lluvia
2409,Lluvia
2410,Lluvia
2411,Lluvia
2412,Lluvia
2413,Lluvia
2414,Lluvia
2415,Lluvia máxima
2416,Lluvia máxima
2417,Lluvia máxima
2418,Lluvia máxima
2419,Lluvia
2420,Lluvia
2421,Lluvia
2422,Lluvia
2423,Lluvia
2424,Lluvia máxima
2425,Lluvia máxima
2426,Lluvia
2427,Lluvia
2428,Lluvia
2429,Lluvia
2430,Sequía
2431,Lluvia
2432,Lluvia
2433,Lluvia
2434,Lluvia
2435,Lluvia máxima
2436,Lluvia máxima
2437,Lluvia
2438,Lluvia
2439,Lluvia
2440,Lluvia
2441,Lluvia
2442,Lluvia máxima
2443,Lluvia máxima
2444,Lluvia máxima
2445,Lluvia máxima
2446,Lluvia
2447,Lluvia
2448,Lluvia
2449,Lluvia
2450,Lluvia
2451,Lluvia
2452,Lluvia
2453,Normal
2454,Normal
2455,Normal
2456,Normal
2457,Normal
2458,Normal
2459,Normal
2460,Normal
2461,Normal
2462,Normal
2463,Normal
2464,Normal
2465,Normal
2466,Normal
2467,Normal
2468,Normal
2469,Normal
2470,Normal
2471,Normal
2472,Normal
2473,Normal
2474,Normal
2475,Normal
2476,Normal
2477,Normal
2478,Normal
2479,Normal
2480,Normal
2481,Normal
2482,Normal
2483,Normal
2484,Normal
2485,Normal
2486,Normal
2487,Normal
2488,Normal
2489,Normal
2490,Normal
2491,Lluvia
2492,Lluvia
2493,Lluvia
2494,Lluvia
2495,Lluvia
2496,Lluvia
2497,Lluvia
2498,Normal
2499,Normal
2500,Normal
2501,Normal
2502,Condiciones Optimas
2503,Normal
2504,Normal
2505,Normal
2506,Normal
2507,Normal
2508,Normal
2509,Normal
2510,Normal
2511,Normal
2512,Normal
2513,Normal
2514,Normal
2515,Normal
2516,Normal
2517,Normal
2518,Normal
2519,Normal
2520,Sequía
2521,Normal
2522,Normal
2523,Normal
2524,Normal
2525,Normal
2526,Normal
2527,Normal
2528,Normal
2529,Normal
2530,Normal
2531,Normal
2532,Normal
2533,Normal
2534,Normal
2535,Normal
2536,Normal
2537,Normal
2538,Condiciones Optimas
2539,Normal
2540,Normal
2541,Normal
2542,Normal
2543,Lluvia
2544,Lluvia
2545,Lluvia
2546,Lluvia
2547,Lluvia
2548,Lluvia
2549,Lluvia
2550,Normal
2551,Normal
2552,Normal
2553,Normal
2554,Normal
2555,Normal
2556,Normal
2557,Normal
2558,Normal
2559,Normal
2560,Normal
2561,Normal
2562,Normal
2563,Normal
2564,Normal
2565,Normal
2566,Normal
2567,Normal
2568,Normal
2569,Normal
2570,Normal
2571,Normal
2572,Normal
2573,Normal
2574,Normal
2575,Normal
2576,Normal
2577,Normal
2578,Normal
2579,Normal
2580,Normal
2581,Normal
2582,Normal
2583,Normal
2584,Normal
2585,Normal
2586,Normal
2587,Normal
2588,Lluvia
2589,Lluvia
2590,Lluvia
2591,Lluvia
2592,Lluvia
2593,Lluvia
2594,Lluvia
2595,Lluvia máxima
2596,Lluvia máxima
2597,Lluvia máxima
2598,Lluvia máxima
2599,Lluvia
2600,Lluvia
2601,Lluvia
2602,Lluvia
2603,Lluvia
2604,Lluvia máxima
2605,Lluvia máxima
2606,Lluvia
2607,Lluvia
2608,Lluvia
2609,Lluvia
2610,Sequía
2611,Lluvia
2612,Lluvia
2613,Lluvia
2614,Lluvia
2615,Lluvia máxima
2616,Lluvia máxima
2617,Lluvia
2618,Lluvia
2619,Lluvia
2620,Lluvia
2621,Lluvia
2622,Lluvia máxima
2623,Lluvia máxima
2624,Lluvia máxima
2625,Lluvia máxima
2626,Lluvia
2627,Lluvia
2628,Lluvia
2629,Lluvia
2630,Lluvia
2631,Lluvia
2632,Lluvia
2633,Normal
2634,Normal
2635,Normal
2636,Normal
2637,Normal
2638,Normal
2639,Normal
2640,Normal
2641,Normal
2642,Normal
2643,Normal
2644,Normal
2645,Normal
2646,Normal
2647,Normal
2648,Normal
2649,Normal
2650,Normal
2651,Normal
2652,Normal
2653,Normal
2654,Normal
2655,Normal
2656,Normal
2657,Normal
2658,Normal
2659,Normal
2660,Normal
2661,Normal
2662,Normal
2663,Normal
2664,Normal
2665,Normal
2666,Normal
2667,Normal
2668,Normal
2669,Normal
2670,Normal
2671,Lluvia
2672,Lluvia
2673,Lluvia
2674,Lluvia
2675,Lluvia
2676,Lluvia
2677,Lluvia
2678,Normal
2679,Normal
2680,Normal
2681,Normal
2682,Condiciones Optimas
2683,Normal
2684,Normal
2685,Normal
2686,Normal
2687,Normal
2688,Normal
2689,Normal
2690,Normal
2691,Normal
2692,Normal
2693,Normal
2694,Normal
2695,Normal
2696,Normal
2697,Normal
2698,Normal
2699,Normal
2700,Sequía
2701,Normal
2702,Normal
2703,Normal
2704,Normal
2705,Normal
2706,Normal
2707,Normal
2708,Normal
2709,Normal
2710,Normal
2711,Normal
2712,Normal
2713,Normal
2714,Normal
2715,Normal
2716,Normal
2717,Normal
2718,Condiciones Optimas
2719,Normal
2720,Normal
2721,Normal
2722,Normal
2723,Lluvia
2724,Lluvia
2725,Lluvia
2726,Lluvia
2727,Lluvia
2728,Lluvia
2729,Lluvia
2730,Normal
2731,Normal
2732,Normal
2733,Normal
2734,Normal
2735,Normal
2736,Normal
2737,Normal
2738,Normal
2739,Normal
2740,Normal
2741,Normal
2742,Normal
2743,Normal
2744,Normal
2745,Normal
2746,Normal
2747,Normal
2748,Normal
2749,Normal
2750,Normal
2751,Normal
2752,Normal
2753,Normal
2754,Normal
2755,Normal
2756,Normal
2757,Normal
2758,Normal
2759,Normal
2760,Normal
2761,Normal
2762,Normal
2763,Normal
2764,Normal
2765,Normal
2766,Normal
2767,Normal
2768,Lluvia
2769,Lluvia
2770,Lluvia
2771,Lluvia
2772,Lluvia
2773,Lluvia
2774,Lluvia
2775,Lluvia máxima
2776,Lluvia máxima
2777,Lluvia máxima
2778,Lluvia máxima
2779,Lluvia
2780,Lluvia
2781,Lluvia
2782,Lluvia
2783,Lluvia
2784,Lluvia máxima
2785,Lluvia máxima
2786,Lluvia
2787,Lluvia
2788,Lluvia
2789,Lluvia
2790,Sequía
2791,Lluvia
2792,Lluvia
2793,Lluvia
2794,Lluvia
2795,Lluvia máxima
2796,Lluvia máxima
2797,Lluvia
2798,Lluvia
2799,Lluvia
2800,Lluvia
2801,Lluvia
2802,Lluvia máxima
2803,Lluvia máxima
2804,Lluvia máxima
2805,Lluvia máxima
2806,Lluvia
2807,Lluvia
2808,Lluvia
2809,Lluvia
2810,Lluvia
2811,Lluvia
2812,Lluvia
2813,Normal
2814,Normal
2815,Normal
2816,Normal
2817,Normal
2818,Normal
2819,Normal
2820,Normal
2821,Normal
2822,Normal
2823,Normal
2824,Normal
2825,Normal
2826,Normal
2827,Normal
2828,Normal
2829,Normal
2830,Normal
2831,Normal
2832,Normal
2833,Normal
2834,Normal
2835,Normal
2836,Normal
2837,Normal
2838,Normal
2839,Normal
2840,Normal
2841,Normal
2842,Normal
2843,Normal
2844,Normal
2845,Normal
2846,Normal
2847,Normal
2848,Normal
2849,Normal
2850,Normal
2851,Lluvia
2852,Lluvia
2853,Lluvia
2854,Lluvia
2855,Lluvia
2856,Lluvia
2857,Lluvia
2858,Normal
2859,Normal
2860,Normal
2861,Normal
2862,Condiciones Optimas
2863,Normal
2864,Normal
2865,Normal
2866,Normal
2867,Normal
2868,Normal
2869,Normal
2870,Normal
2871,Normal
2872,Normal
2873,Normal
2874,Normal
2875,Normal
2876,Normal
2877,Normal
2878,Normal
2879,Normal
2880,Sequía
2881,Normal
2882,Normal
2883,Normal
2884,Normal
2885,Normal
2886,Normal
2887,Normal
2888,Normal
2889,Normal
2890,Normal
2891,Normal
2892,Normal
2893,Normal
2894,Normal
2895,Normal
2896,Normal
2897,Normal
2898,Condiciones Optimas
2899,Normal
2900,Normal
2901,Normal
2902,Normal
2903,Lluvia
2904,Lluvia
2905,Lluvia
2906,Lluvia
2907,Lluvia
2908,Lluvia
2909,Lluvia
2910,Normal
2911,Normal
2912,Normal
2913,Normal
2914,Normal
2915,Normal
2916,Normal
2917,Normal
2918,Normal
2919,Normal
2920,Normal
2921,Normal
2922,Normal
2923,Normal
2924,Normal
2925,Normal
2926,Normal
2927,Normal
2928,Normal
2929,Normal
2930,Normal
2931,Normal
2932,Normal
2933,Normal
2934,Normal
2935,Normal
2936,Normal
2937,Normal
2938,Normal
2939,Normal
2940,Normal
2941,Normal
2942,Normal
2943,Normal
2944,Normal
2945,Normal
2946,Normal
2947,Normal
2948,Lluvia
2949,Lluvia
2950,Lluvia
2951,Lluvia
2952,Lluvia
2953,Lluvia
2954,Lluvia
2955,Lluvia máxima
2956,Lluvia máxima
2957,Lluvia máxima
2958,Lluvia máxima
2959,Lluvia
2960,Lluvia
2961,Lluvia
2962,Lluvia
2963,Lluvia
2964,Lluvia máxima
2965,Lluvia máxima
2966,Lluvia
2967,Lluvia
2968,Lluvia
2969,Lluvia
2970,Sequía
2971,Lluvia
2972,Lluvia
2973,Lluvia
2974,Lluvia
2975,Lluvia máxima
2976,Lluvia máxima
2977,Lluvia
2978,Lluvia
2979,Lluvia
2980,Lluvia
2981,Lluvia
2982,Lluvia máxima
2983,Lluvia máxima
2984,Lluvia máxima
2985,Lluvia máxima
2986,Lluvia
2987,Lluvia
2988,Lluvia
2989,Lluvia
2990,Lluvia
2991,Lluvia
2992,Lluvia
2993,Normal
2994,Normal
2995,Normal
2996,Normal
2997,Normal
2998,Normal
2999,Normal
3000,Normal
3001,Normal
3002,Normal
3003,Normal
3004,Normal
3005,Normal
3006,Normal
3007,Normal
3008,Normal
3009,Normal
3010,Normal
3011,Normal
3012,Normal
3013,Normal
3014,Normal
3015,Normal
3016,Normal
3017,Normal
3018,Normal
3019,Normal
3020,Normal
3021,Normal
3022,Normal
3023,Normal
3024,Normal
3025,Normal
3026,Normal
3027,Normal
3028,Normal
3029,Normal
3030,Normal
3031,Lluvia
3032,Lluvia
3033,Lluvia
3034,Lluvia
3035,Lluvia
3036,Lluvia
3037,Lluvia
3038,Normal
3039,Normal
3040,Normal
3041,Normal
3042,Condiciones Optimas
3043,Normal
3044,Normal
3045,Normal
3046,Normal
3047,Normal
3048,Normal
3049,Normal
3050,Normal
3051,Normal
3052,Normal
3053,Normal
3054,Normal
3055,Normal
3056,Normal
3057,Normal
3058,Normal
3059,Normal
3060,Sequía
3061,Normal
3062,Normal
3063,Normal
3064,Normal
3065,Normal
3066,Normal
3067,Normal
3068,Normal
3069,Normal
3070,Normal
3071,Normal
3072,Normal
3073,Normal
3074,Normal
3075,Normal
3076,Normal
3077,Normal
3078,Condiciones Optimas
3079,Normal
3080,Normal
3081,Normal
3082,Normal
3083,Lluvia
3084,Lluvia
3085,Lluvia
3086,Lluvia
3087,Lluvia
3088,Lluvia
3089,Lluvia
3090,Normal
3091,Normal
3092,Normal
3093,Normal
3094,Normal
3095,Normal
3096,Normal
3097,Normal
3098,Normal
3099,Normal
3100,Normal
3101,Normal
3102,Normal
3103,Normal
3104,Normal
3105,Normal
3106,Normal
3107,Normal
3108,Normal
3109,Normal
3110,Normal
3111,Normal
3112,Normal
3113,Normal
3114,Normal
3115,Normal
3116,Normal
3117,Normal
3118,Normal
3119,Normal
3120,Normal
3121,Normal
3122,Normal
3123,Normal
3124,Normal
3125,Normal
3126,Normal
3127,Normal
3128,Lluvia
3129,Lluvia
3130,Lluvia
3131,Lluvia
3132,Lluvia
3133,Lluvia
3134,Lluvia
3135,Lluvia máxima
3136,Lluvia máxima
3137,Lluvia máxima
3138,Lluvia máxima
3139,Lluvia
3140,Lluvia
3141,Lluvia
3142,Lluvia
3143,Lluvia
3144,Lluvia máxima
3145,Lluvia máxima
3146,Lluvia
3147,Lluvia
3148,Lluvia
3149,Lluvia
3150,Sequía
3151,Lluvia
3152,Lluvia
3153,Lluvia
3154,Lluvia
3155,Lluvia máxima
3156,Lluvia máxima
3157,Lluvia
3158,Lluvia
3159,Lluvia
3160,Lluvia
3161,Lluvia
3162,Lluvia máxima
3163,Lluvia máxima
3164,Lluvia máxima
3165,Lluvia máxima
3166,Lluvia
3167,Lluvia
3168,Lluvia
3169,Lluvia
3170,Lluvia
3171,Lluvia
3172,Lluvia
3173,Normal
3174,Normal
3175,Normal
3176,Normal
3177,Normal
3178,Normal
3179,Normal
3180,Normal
3181,Normal
3182,Normal
3183,Normal
3184,Normal
3185,Normal
3186,Normal
3187,Normal
3188,Normal
3189,Normal
3190,Normal
3191,Normal
3192,Normal
3193,Normal
3194,Normal
3195,Normal
3196,Normal
3197,Normal
3198,Normal
3199,Normal
3200,Normal
3201,Normal
3202,Normal
3203,Normal
3204,Normal
3205,Normal
3206,Normal
3207,Normal
3208,Normal
3209,Normal
3210,Normal
3211,Lluvia
3212,Lluvia
3213,Lluvia
3214,Lluvia
3215,Lluvia
3216,Lluvia
3217,Lluvia
3218,Normal
3219,Normal
3220,Normal
3221,Normal
3222,Condiciones Optimas
3223,Normal
3224,Normal
3225,Normal
3226,Normal
3227,Normal
3228,Normal
3229,Normal
3230,Normal
3231,Normal
3232,Normal
3233,Normal
3234,Normal
3235,Normal
3236,Normal
3237,Normal
3238,Normal
3239,Normal
3240,Sequía
3241,Normal
3242,Normal
3243,Normal
3244,Normal
3245,Normal
3246,Normal
3247,Normal
3248,Normal
3249,Normal
3250,Normal
3251,Normal
3252,Normal
3253,Normal
3254,Normal
3255,Normal
3256,Normal
3257,Normal
3258,Condiciones Optimas
3259,Normal
3260,Normal
3261,Normal
3262,Normal
3263,Lluvia
3264,Lluvia
3265,Lluvia
3266,Lluvia
3267,Lluvia
3268,Lluvia
3269,Lluvia
3270,Normal
3271,Normal
3272,Normal
3273,Normal
3274,Normal
3275,Normal
3276,Normal
3277,Normal
3278,Normal
3279,Normal
3280,Normal
3281,Normal
3282,Normal
3283,Normal
3284,Normal
3285,Normal
3286,Normal
3287,Normal
3288,Normal
3289,Normal
3290,Normal
3291,Normal
3292,Normal
3293,Normal
3294,Normal
3295,Normal
3296,Normal
3297,Normal
3298,Normal
3299,Normal
3300,Normal
3301,Normal
3302,Normal
3303,Normal
3304,Normal
3305,Normal
3306,Normal
3307,Normal
3308,Lluvia
3309,Lluvia
3310,Lluvia
3311,Lluvia
3312,Lluvia
3313,Lluvia
3314,Lluvia
3315,Lluvia máxima
3316,Lluvia máxima
3317,Lluvia máxima
3318,Lluvia máxima
3319,Lluvia
3320,Lluvia
3321,Lluvia
3322,Lluvia
3323,Lluvia
3324,Lluvia máxima
3325,Lluvia máxima
3326,Lluvia
3327,Lluvia
3328,Lluvia
3329,Lluvia
3330,Sequía
3331,Lluvia
3332,Lluvia
3333,Lluvia
3334,Lluvia
3335,Lluvia máxima
3336,Lluvia máxima
3337,Lluvia
3338,Lluvia
3339,Lluvia
3340,Lluvia
3341,Lluvia
3342,Lluvia máxima
3343,Lluvia máxima
3344,Lluvia máxima
3345,Lluvia máxima
3346,Lluvia
3347,Lluvia
3348,Lluvia
3349,Lluvia
3350,Lluvia
3351,Lluvia
3352,Lluvia
3353,Normal
3354,Normal
3355,Normal
3356,Normal
3357,Normal
3358,Normal
3359,Normal
3360,Normal
3361,Normal
3362,Normal
3363,Normal
3364,Normal
3365,Normal
3366,Normal
3367,Normal
3368,Normal
3369,Normal
3370,Normal
3371,Normal
3372,Normal
3373,Normal
3374,Normal
3375,Normal
3376,Normal
3377,Normal
3378,Normal
3379,Normal
3380,Normal
3381,Normal
3382,Normal
3383,Normal
3384,Normal
3385,Normal
3386,Normal
3387,Normal
3388,Normal
3389,Normal
3390,Normal
3391,Lluvia
3392,Lluvia
3393,Lluvia
3394,Lluvia
3395,Lluvia
3396,Lluvia
3397,Lluvia
3398,Normal
3399,Normal
3400,Normal
3401,Normal
3402,Condiciones Optimas
3403,Normal
3404,Normal
3405,Normal
3406,Normal
3407,Normal
3408,Normal
3409,Normal
3410,Normal
3411,Normal
3412,Normal
3413,Normal
3414,Normal
3415,Normal
3416,Normal
3417,Normal
3418,Normal
3419,Normal
3420,Sequía
3421,Normal
3422,Normal
3423,Normal
3424,Normal
3425,Normal
3426,Normal
3427,Normal
3428,Normal
3429,Normal
3430,Normal
3431,Normal
3432,Normal
3433,Normal
3434,Normal
3435,Normal
3436,Normal
3437,Normal
3438,Condiciones Optimas
3439,Normal
3440,Normal
3441,Normal
3442,Normal
3443,Lluvia
3444,Lluvia
3445,Lluvia
3446,Lluvia
3447,Lluvia
3448,Lluvia
3449,Lluvia
3450,Normal
3451,Normal
3452,Normal
3453,Normal
3454,Normal
3455,Normal
3456,Normal
3457,Normal
3458,Normal
3459,Normal
3460,Normal
3461,Normal
3462,Normal
3463,Normal
3464,Normal
3465,Normal
3466,Normal
3467,Normal
3468,Normal
3469,Normal
3470,Normal
3471,Normal
3472,Normal
3473,Normal
3474,Normal
3475,Normal
3476,Normal
3477,Normal
3478,Normal
3479,Normal
3480,Normal
3481,Normal
3482,Normal
3483,Normal
3484,Normal
3485,Normal
3486,Normal
3487,Normal
3488,Lluvia
3489,Lluvia
3490,Lluvia
3491,Lluvia
3492,Lluvia
3493,Lluvia
3494,Lluvia
3495,Lluvia máxima
3496,Lluvia máxima
3497,Lluvia máxima
3498,Lluvia máxima
3499,Lluvia
3500,Lluvia
3501,Lluvia
3502,Lluvia
3503,Lluvia
3504,Lluvia máxima
3505,Lluvia máxima
3506,Lluvia
3507,Lluvia
3508,Lluvia
3509,Lluvia
3510,Sequía
3511,Lluvia
3512,Lluvia
3513,Lluvia
3514,Lluvia
3515,Lluvia máxima
3516,Lluvia máxima
3517,Lluvia
3518,Lluvia
3519,Lluvia
3520,Lluvia
3521,Lluvia
3522,Lluvia máxima
3523,Lluvia máxima
3524,Lluvia máxima
3525,Lluvia máxima
3526,Lluvia
3527,Lluvia
3528,Lluvia
3529,Lluvia
3530,Lluvia
3531,Lluvia
3532,Lluvia
3533,Normal
3534,Normal
3535,Normal
3536,Normal
3537,Normal
3538,Normal
3539,Normal
3540,Normal
3541,Normal
3542,Normal
3543,Normal
3544,Normal
3545,Normal
3546,Normal
3547,Normal
3548,Normal
3549,Normal
3550,Normal
3551,Normal
3552,Normal
3553,Normal
3554,Normal
3555,Normal
3556,Normal
3557,Normal
3558,Normal
3559,Normal
3560,Normal
3561,Normal
3562,Normal
3563,Normal
3564,Normal
3565,Normal
3566,Normal
3567,Normal
3568,Normal
3569,Normal
3570,Normal
3571,Lluvia
3572,Lluvia
3573,Lluvia
3574,Lluvia
3575,Lluvia
3576,Lluvia
3577,Lluvia
3578,Normal
3579,Normal
3580,Normal
3581,Normal
3582,Condiciones Optimas
3583,Normal
3584,Normal
3585,Normal
3586,Normal
3587,Normal
3588,Normal
3589,Normal
3590,Normal
3591,Normal
3592,Normal
3593,Normal
3594,Normal
3595,Normal
3596,Normal
3597,Normal
3598,Normal
3599,Normal
3600,Sequía